Date open,Lot,Position,Date,Symbol,Profit ATT,Max. equity,Datetime,Profit ATT.1,Low. Equity,Datetime.1,Profit ATT - profit AtThatTime
,,ALL,2024-04-02,ALL,0.0,95891.25,0:00,0.0,95891.25,0:00,
,,ALL,2024-04-03,ALL,0.0,95891.25,0:00,0.0,95891.25,0:00,
,,ALL,2024-04-04,ALL,0.0,95891.25,0:00,0.0,95891.25,0:00,
,,ALL,2024-04-05,ALL,0.0,95891.25,0:00,0.0,95891.25,0:00,
,,ALL,2024-04-06,ALL,0.0,95891.25,0:00,0.0,95891.25,0:00,
,,ALL,2024-04-07,ALL,0.0,95891.25,0:00,0.0,95891.25,0:00,
,,ALL,2024-04-08,ALL,0.0,95891.25,0:00,0.0,95891.25,0:00,
,,ALL,2024-04-09,ALL,497.39,96388.64,22:09,-645.53,95245.72,16:37,
2024.04.09 12:30,3.33,625311243,2024-04-09,EURUSD,497.39,1163.45,22:09,-645.53,20.54,16:37,
,,ALL,2024-04-10,ALL,3429.35,99320.6,15:30,-2727.09,81965.64,22:02,
2024.04.10 15:30,3.33,626392718,2024-04-10,EURUSD,1586.82,2252.87,15:30,0.0,0.0,22:02,
2024.04.10 15:32,3.33,627150637,2024-04-10,GBPUSD,0.0,0.0,15:30,0.0,0.0,22:02,
2024.04.10 15:32,3.33,627166251,2024-04-10,GBPUSD,0.0,0.0,15:30,0.0,0.0,22:02,
2024.04.10 15:32,3.33,627170229,2024-04-10,EURUSD,0.0,0.0,15:30,0.0,0.0,22:02,
2024.04.10 15:34,3.33,627184778,2024-04-10,EURUSD,0.0,0.0,15:30,0.0,0.0,22:02,
2024.04.10 15:36,3.33,625312332,2024-04-10,EURUSD,0.0,0.0,15:30,0.0,0.0,22:02,
2024.04.10 15:37,3.33,626410248,2024-04-10,USDJPY,0.0,0.0,15:30,0.0,0.0,22:02,
2024.04.10 15:38,3.33,625308416,2024-04-10,EURUSD,0.0,0.0,15:30,0.0,0.0,22:02,
2024.04.10 15:45,3.33,625313543,2024-04-10,USDJPY,0.0,0.0,15:30,0.0,0.0,22:02,
2024.04.10 15:45,3.33,626388947,2024-04-10,EURJPY,0.0,0.0,15:30,0.0,0.0,22:02,
2024.04.10 15:46,3.33,627237529,2024-04-10,EURAUD,0.0,0.0,15:30,0.0,0.0,22:02,
2024.04.10 15:46,3.33,627237557,2024-04-10,EURAUD,0.0,0.0,15:30,0.0,0.0,22:02,
2024.04.10 15:47,3.33,627240892,2024-04-10,GBPAUD,0.0,0.0,15:30,0.0,0.0,22:02,
2024.04.10 16:11,3.33,627235561,2024-04-10,EURAUD,0.0,0.0,15:30,0.0,0.0,22:02,
2024.04.10 16:13,3.33,627229888,2024-04-10,EURAUD,0.0,0.0,15:30,0.0,0.0,22:02,
2024.04.10 16:16,3.33,626401530,2024-04-10,AUDCAD,0.0,0.0,15:30,0.0,0.0,22:02,
2024.04.10 16:16,3.33,626390214,2024-04-10,AUDCAD,0.0,0.0,15:30,0.0,0.0,22:02,
2024.04.10 16:16,3.33,627190734,2024-04-10,NZDCAD,0.0,0.0,15:30,-600.46,-228.81,22:02,
2024.04.10 16:17,3.33,626383357,2024-04-10,AUDCAD,0.0,0.0,15:30,-591.37,-186.8,22:02,
2024.04.10 16:18,3.33,626415896,2024-04-10,GBPAUD,0.0,0.0,15:30,0.0,0.0,22:02,
2024.04.10 16:31,3.33,626379583,2024-04-10,AUDUSD,0.0,0.0,15:30,0.0,0.0,22:02,
2024.04.10 16:41,3.33,626394585,2024-04-10,AUDCAD,0.0,0.0,15:30,-504.96,-100.22,22:02,
2024.04.10 16:48,3.33,627225816,2024-04-10,EURAUD,0.0,0.0,15:30,-433.76,243.99,22:02,
2024.04.10 16:48,3.33,627271972,2024-04-10,EURAUD,0.0,0.0,15:30,-433.76,243.99,22:02,
2024.04.10 19:30,3.33,627280247,2024-04-10,AUDCAD,0.0,0.0,15:30,-111.55,293.67,22:02,
2024.04.10 22:02,3.33,626412272,2024-04-10,EURAUD,0.0,0.0,15:30,-51.23,628.19,22:02,
,,ALL,2024-04-11,ALL,6767.41,92857.74,16:19,-2309.0,82383.73,0:01,
2024.04.11 0:00,3.33,626412272,2024-04-11,EURAUD,0.0,0.0,16:19,209.9,889.32,0:01,
2024.04.11 0:00,3.33,627280247,2024-04-11,AUDCAD,1181.72,1586.94,16:19,-138.81,266.41,0:01,
2024.04.11 0:00,3.33,627271972,2024-04-11,EURAUD,2047.51,2725.26,16:19,-172.52,505.23,0:01,
2024.04.11 0:00,3.33,627225816,2024-04-11,EURAUD,2047.51,2725.26,16:19,-172.52,505.23,0:01,
2024.04.11 0:00,3.33,626394585,2024-04-11,AUDCAD,788.52,1193.26,16:19,-532.1,-127.36,0:01,
2024.04.10 16:17,3.33,626383357,2024-04-11,AUDCAD,702.16,1106.72,16:19,-618.48,-213.92,0:01,
2024.04.11 0:00,3.33,627190734,2024-04-11,NZDCAD,0.0,0.0,16:19,-884.46,-512.81,0:01,
2024.04.11 21:25,3.33,629044945,2024-04-11,EURAUD,0.0,0.0,16:19,0.0,0.0,0:01,
,,ALL,2024-04-12,ALL,1619.7,93671.86,9:22,-3712.63,82220.56,17:50,
2024.04.11 21:25,3.33,629044945,2024-04-12,EURAUD,313.67,988.63,9:22,550.99,1225.95,17:50,
2024.04.12 0:00,3.33,626383357,2024-04-12,AUDCAD,0.0,0.0,9:22,0.0,0.0,17:50,
2024.04.12 4:34,3.33,626376073,2024-04-12,EURNZD,626.76,1295.15,9:22,0.0,0.0,17:50,
2024.04.12 4:50,3.33,626412758,2024-04-12,EURNZD,679.26,1347.7,9:22,0.0,0.0,17:50,
2024.04.12 10:18,6.32,629032568,2024-04-12,GBPUSD,0.0,0.0,9:22,0.0,0.0,17:50,
2024.04.12 12:21,6.32,629032542,2024-04-12,EURUSD,0.0,0.0,9:22,0.0,0.0,17:50,
2024.04.12 13:43,6.32,629032531,2024-04-12,GBPUSD,0.0,0.0,9:22,0.0,0.0,17:50,
2024.04.12 15:39,6.32,629837018,2024-04-12,EURUSD,0.0,0.0,9:22,-1069.58,194.62,17:50,
2024.04.12 15:41,9.11,629837022,2024-04-12,AUDJPY,0.0,0.0,9:22,0.0,0.0,17:50,
2024.04.12 15:45,9.11,629837056,2024-04-12,USDJPY,0.0,0.0,9:22,382.26,2099.49,17:50,
2024.04.12 15:52,6.32,629032574,2024-04-12,GBPUSD,0.0,0.0,9:22,-1521.57,-41.69,17:50,
2024.04.12 16:10,3.33,626386463,2024-04-12,NZDCHF,0.0,0.0,9:22,-233.3,142.1,17:50,
2024.04.12 16:56,3.33,626389761,2024-04-12,GBPCAD,0.0,0.0,9:22,-477.84,308.22,17:50,
2024.04.12 17:07,6.32,629837052,2024-04-12,GBPUSD,0.0,0.0,9:22,-1123.1,356.27,17:50,
2024.04.12 17:31,3.33,626378674,2024-04-12,GBPCAD,0.0,0.0,9:22,-220.51,565.42,17:50,
2024.04.12 19:47,8.44,629838142,2024-04-12,USDCAD,0.0,0.0,9:22,0.0,0.0,17:50,
2024.04.12 19:47,8.44,630159966,2024-04-12,USDCAD,0.0,0.0,9:22,0.0,0.0,17:50,
2024.04.12 20:36,3.33,627503313,2024-04-12,AUDCAD,0.0,0.0,9:22,0.0,0.0,17:50,
2024.04.12 23:46,3.33,625306074,2024-04-12,AUDCAD,0.0,0.0,9:22,0.0,0.0,17:50,
,,ALL,2024-04-13,ALL,0.0,84423.42,0:00,0.0,84423.42,0:00,
2024.04.12 23:46,3.33,625306074,2024-04-13,AUDCAD,0.0,0.0,0:00,0.0,0.0,0:00,
2024.04.12 20:36,3.33,627503313,2024-04-13,AUDCAD,0.0,0.0,0:00,0.0,0.0,0:00,
2024.04.12 19:47,8.44,630159966,2024-04-13,USDCAD,0.0,0.0,0:00,0.0,0.0,0:00,
2024.04.12 19:47,8.44,629838142,2024-04-13,USDCAD,0.0,0.0,0:00,0.0,0.0,0:00,
2024.04.12 17:31,3.33,626378674,2024-04-13,GBPCAD,0.0,0.0,0:00,0.0,0.0,0:00,
2024.04.12 17:07,6.32,629837052,2024-04-13,GBPUSD,0.0,0.0,0:00,0.0,0.0,0:00,
2024.04.12 15:39,6.32,629837018,2024-04-13,EURUSD,0.0,0.0,0:00,0.0,0.0,0:00,
2024.04.12 16:56,3.33,626389761,2024-04-13,GBPCAD,0.0,0.0,0:00,0.0,0.0,0:00,
2024.04.12 15:45,9.11,629837056,2024-04-13,USDJPY,0.0,0.0,0:00,0.0,0.0,0:00,
2024.04.12 16:10,3.33,626386463,2024-04-13,NZDCHF,0.0,0.0,0:00,0.0,0.0,0:00,
,,ALL,2024-04-14,ALL,-1142.95,83280.47,0:00,-3690.29,80733.13,0:00,
2024.04.12 20:36,3.33,627503313,2024-04-14,AUDCAD,-305.36,102.97,0:00,-305.36,102.97,0:00,
2024.04.12 19:47,8.44,630159966,2024-04-14,USDCAD,-261.76,1341.01,0:00,-599.32,1003.45,0:00,
2024.04.12 19:47,8.44,629838142,2024-04-14,USDCAD,-261.76,1341.01,0:00,-599.32,1003.45,0:00,
2024.04.12 17:31,3.33,626378674,2024-04-14,GBPCAD,0.0,0.0,0:00,0.0,0.0,0:00,
2024.04.12 17:07,6.32,629837052,2024-04-14,GBPUSD,0.0,0.0,0:00,0.0,0.0,0:00,
2024.04.12 15:39,6.32,629837018,2024-04-14,EURUSD,-534.05,730.16,0:00,-1009.55,254.65,0:00,
2024.04.12 16:56,3.33,626389761,2024-04-14,GBPCAD,0.0,0.0,0:00,0.0,0.0,0:00,
2024.04.12 15:45,9.11,629837056,2024-04-14,USDJPY,1122.79,2840.02,0:00,-224.07,1493.16,0:00,
2024.04.12 16:10,3.33,626386463,2024-04-14,NZDCHF,-617.85,-242.44,0:00,-617.85,-242.44,0:00,
,,ALL,2024-04-15,ALL,13778.22,104191.73,14:11,-2842.48,70802.14,23:37,
2024.04.15 0:00,8.44,630159966,2024-04-15,USDCAD,2083.31,3686.08,14:11,0.0,0.0,23:37,
2024.04.15 0:00,8.44,629838142,2024-04-15,USDCAD,2083.31,3686.08,14:11,0.0,0.0,23:37,
2024.04.12 17:31,3.33,626378674,2024-04-15,GBPCAD,1298.2,2084.13,14:11,1101.15,1887.08,23:37,
2024.04.13 0:00,6.32,629837052,2024-04-15,GBPUSD,3141.89,4621.27,14:11,0.0,0.0,23:37,
2024.04.12 15:39,6.32,629837018,2024-04-15,EURUSD,1209.82,2474.03,14:11,-1302.14,-37.94,23:37,
2024.04.12 16:56,3.33,626389761,2024-04-15,GBPCAD,1041.77,1827.82,14:11,843.69,1629.74,23:37,
2024.04.15 0:00,9.11,629837056,2024-04-15,USDJPY,0.0,0.0,14:11,0.0,0.0,23:37,
2024.04.15 0:00,3.33,626386463,2024-04-15,NZDCHF,303.03,678.44,14:11,0.0,0.0,23:37,
2024.04.15 9:25,6.32,629837026,2024-04-15,EURUSD,101.55,1365.56,14:11,0.0,0.0,23:37,
2024.04.15 9:27,6.32,629837035,2024-04-15,EURUSD,-22.91,1240.99,14:11,0.0,0.0,23:37,
2024.04.15 9:54,9.11,629838179,2024-04-15,USDJPY,0.0,0.0,14:11,0.0,0.0,23:37,
2024.04.15 9:54,9.11,630160168,2024-04-15,USDJPY,0.0,0.0,14:11,0.0,0.0,23:37,
2024.04.15 11:02,6.32,629837013,2024-04-15,GBPUSD,919.42,2399.3,14:11,0.0,0.0,23:37,
2024.04.15 11:23,3.33,626399420,2024-04-15,NZDCAD,180.88,554.74,14:11,0.0,0.0,23:37,
2024.04.15 15:30,3.33,626374737,2024-04-15,AUDCAD,0.0,0.0,14:11,-349.33,59.12,23:37,
2024.04.15 15:30,3.33,625309269,2024-04-15,AUDCAD,0.0,0.0,14:11,-360.83,47.65,23:37,
2024.04.15 15:30,3.33,625310633,2024-04-15,AUDCAD,0.0,0.0,14:11,-360.83,47.65,23:37,
2024.04.15 15:30,3.33,626377695,2024-04-15,NZDCAD,0.0,0.0,14:11,-367.72,6.49,23:37,
2024.04.15 15:38,3.33,631656815,2024-04-15,NZDCHF,0.0,0.0,14:11,0.0,0.0,23:37,
2024.04.15 16:33,3.33,627273372,2024-04-15,GBPNZD,0.0,0.0,14:11,0.0,0.0,23:37,
2024.04.15 17:03,10.12,629838185,2024-04-15,EURNZD,0.0,0.0,14:11,0.0,0.0,23:37,
2024.04.15 17:03,10.12,630160187,2024-04-15,EURNZD,0.0,0.0,14:11,0.0,0.0,23:37,
2024.04.15 17:04,10.12,629838144,2024-04-15,EURNZD,0.0,0.0,14:11,0.0,0.0,23:37,
2024.04.15 17:04,10.12,630159972,2024-04-15,EURNZD,0.0,0.0,14:11,0.0,0.0,23:37,
2024.04.15 20:49,9.44,629838193,2024-04-15,GBPAUD,0.0,0.0,14:11,-1271.79,1002.79,23:37,
2024.04.15 21:48,3.33,625303766,2024-04-15,NZDCHF,0.0,0.0,14:11,-334.01,39.81,23:37,
2024.04.15 22:18,6.32,629837032,2024-04-15,EURUSD,0.0,0.0,14:11,30.69,1294.64,23:37,
2024.04.15 22:32,10.12,629838190,2024-04-15,GBPNZD,0.0,0.0,14:11,-1313.85,1106.64,23:37,
2024.04.15 23:26,3.33,627527308,2024-04-15,EURNZD,0.0,0.0,14:11,-52.35,628.29,23:37,
2024.04.15 23:26,10.12,629040861,2024-04-15,GBPNZD,0.0,0.0,14:11,-176.31,2246.88,23:37,
2024.04.15 23:31,3.33,625316164,2024-04-15,GBPAUD,0.0,0.0,14:11,-70.29,732.9,23:37,
,,ALL,2024-04-16,ALL,2807.61,73435.95,3:05,-5396.18,51009.5,15:30,
2024.04.16 0:00,3.33,625316164,2024-04-16,GBPAUD,87.67,890.86,3:05,0.0,0.0,15:30,
2024.04.16 0:00,10.12,629040861,2024-04-16,GBPNZD,1374.5,3797.69,3:05,0.0,0.0,15:30,
2024.04.16 0:00,3.33,626378674,2024-04-16,GBPCAD,1050.29,1836.22,3:05,1053.3,1839.23,15:30,
2024.04.16 0:00,3.33,627527308,2024-04-16,EURNZD,388.02,1068.65,3:05,0.0,0.0,15:30,
2024.04.16 0:00,6.32,629837018,2024-04-16,EURUSD,-1063.86,200.34,3:05,0.0,0.0,15:30,
2024.04.16 0:00,3.33,626389761,2024-04-16,GBPCAD,792.91,1578.96,3:05,796.29,1582.34,15:30,
2024.04.16 0:00,10.12,629838190,2024-04-16,GBPNZD,0.0,0.0,3:05,0.0,0.0,15:30,
2024.04.15 22:18,6.32,629837032,2024-04-16,EURUSD,268.62,1532.57,3:05,1111.61,2375.56,15:30,
2024.04.16 0:00,3.33,625303766,2024-04-16,NZDCHF,-98.09,275.74,3:05,-839.07,-465.24,15:30,
2024.04.16 0:00,9.44,629838193,2024-04-16,GBPAUD,0.0,0.0,3:05,0.0,0.0,15:30,
2024.04.16 0:00,3.33,626377695,2024-04-16,NZDCAD,-176.89,197.33,3:05,0.0,0.0,15:30,
2024.04.16 0:00,3.33,625310633,2024-04-16,AUDCAD,-330.86,77.61,3:05,0.0,0.0,15:30,
2024.04.16 0:00,3.33,625309269,2024-04-16,AUDCAD,-330.86,77.61,3:05,0.0,0.0,15:30,
2024.04.16 0:00,3.33,626374737,2024-04-16,AUDCAD,-319.37,89.08,3:05,0.0,0.0,15:30,
2024.04.16 3:13,9.44,629838172,2024-04-16,EURAUD,0.0,0.0,3:05,0.0,0.0,15:30,
2024.04.16 3:23,6.32,629032539,2024-04-16,AUDUSD,0.0,0.0,3:05,-1056.39,-290.8,15:30,
2024.04.16 3:33,3.33,627274981,2024-04-16,EURNZD,0.0,0.0,3:05,0.0,0.0,15:30,
2024.04.16 3:52,2.81,631907461,2024-04-16,GBPNZD,0.0,0.0,3:05,0.0,0.0,15:30,
2024.04.16 3:53,3.33,626405410,2024-04-16,EURAUD,0.0,0.0,3:05,0.0,0.0,15:30,
2024.04.16 4:04,8.44,629032555,2024-04-16,AUDCAD,0.0,0.0,3:05,-1279.4,-246.41,15:30,
2024.04.16 4:07,9.44,629040909,2024-04-16,GBPAUD,0.0,0.0,3:05,0.0,0.0,15:30,
2024.04.16 4:09,2.58,631907430,2024-04-16,EURAUD,0.0,0.0,3:05,0.0,0.0,15:30,
2024.04.16 4:09,3.33,626400117,2024-04-16,EURAUD,0.0,0.0,3:05,0.0,0.0,15:30,
2024.04.16 4:15,2.58,631907424,2024-04-16,EURAUD,0.0,0.0,3:05,0.0,0.0,15:30,
2024.04.16 4:15,8.44,629837039,2024-04-16,NZDCAD,0.0,0.0,3:05,-976.97,-29.34,15:30,
2024.04.16 4:15,2.81,631907456,2024-04-16,EURNZD,0.0,0.0,3:05,0.0,0.0,15:30,
2024.04.16 4:15,8.44,629032551,2024-04-16,AUDCAD,0.0,0.0,3:05,-540.78,491.78,15:30,
2024.04.16 4:15,2.81,631907346,2024-04-16,EURNZD,0.0,0.0,3:05,0.0,0.0,15:30,
2024.04.16 4:15,2.3,631907187,2024-04-16,AUDCAD,0.0,0.0,3:05,-123.6,157.73,15:30,
2024.04.16 4:27,6.32,629040881,2024-04-16,EURAUD,0.0,0.0,3:05,0.0,0.0,15:30,
2024.04.16 5:37,8.44,629837009,2024-04-16,NZDCAD,0.0,0.0,3:05,-616.38,330.48,15:30,
2024.04.16 6:17,9.11,629837028,2024-04-16,NZDCHF,0.0,0.0,3:05,-78.52,941.33,15:30,
2024.04.16 6:18,3.33,626413132,2024-04-16,EURNZD,0.0,0.0,3:05,0.0,0.0,15:30,
2024.04.16 13:01,2.58,631907447,2024-04-16,EURAUD,0.0,0.0,3:05,-400.07,133.06,15:30,
2024.04.16 13:26,3.33,626375441,2024-04-16,EURNZD,0.0,0.0,3:05,-497.65,184.98,15:30,
2024.04.16 13:27,3.33,625314032,2024-04-16,EURAUD,0.0,0.0,3:05,-441.65,246.84,15:30,
2024.04.16 13:27,9.44,629040897,2024-04-16,EURAUD,0.0,0.0,3:05,-1216.71,735.14,15:30,
2024.04.16 13:30,3.33,625312733,2024-04-16,EURAUD,0.0,0.0,3:05,-290.17,398.67,15:30,
2024.04.16 16:36,2.33,631907367,2024-04-16,GBPCAD,0.0,0.0,3:05,0.0,0.0,15:30,
,,ALL,2024-04-17,ALL,12714.13,67647.86,16:27,-7521.92,47411.81,0:01,
2024.04.16 16:36,2.33,631907367,2024-04-17,GBPCAD,486.26,1040.09,16:27,750.03,1303.86,0:01,
2024.04.16 6:17,9.11,629837028,2024-04-17,NZDCHF,1976.28,2996.13,16:27,-1370.11,-350.26,0:01,
2024.04.16 5:37,8.44,629837009,2024-04-17,NZDCAD,2511.25,3458.11,16:27,-1130.75,-183.89,0:01,
2024.04.16 4:15,2.3,631907187,2024-04-17,AUDCAD,548.11,829.44,16:27,-290.68,-9.34,0:01,
2024.04.16 4:15,8.44,629032551,2024-04-17,AUDCAD,1924.15,2956.71,16:27,-1154.06,-121.51,0:01,
2024.04.16 4:15,8.44,629837039,2024-04-17,NZDCAD,2150.85,3098.49,16:27,-1492.19,-544.55,0:01,
2024.04.16 4:04,8.44,629032555,2024-04-17,AUDCAD,1185.91,2218.91,16:27,-1894.44,-861.44,0:01,
2024.04.15 22:18,6.32,629837032,2024-04-17,EURUSD,1479.08,2743.03,16:27,-939.73,324.22,0:01,
2024.04.17 4:40,2.81,632750089,2024-04-17,GBPNZD,399.95,1071.6,16:27,0.0,0.0,0:01,
2024.04.17 7:25,2.3,632750133,2024-04-17,NZDCAD,52.29,311.25,16:27,0.0,0.0,0:01,
2024.04.17 21:08,1.67,632750121,2024-04-17,EURUSD,0.0,0.0,16:27,0.0,0.0,0:01,
,,ALL,2024-04-18,ALL,14627.2,69144.95,10:51,0.0,56061.86,23:59,
2024.04.16 6:17,9.11,629837028,2024-04-18,NZDCHF,2421.51,3441.36,10:51,1512.59,2532.44,23:59,
2024.04.16 5:37,8.44,629837009,2024-04-18,NZDCAD,2449.56,3396.42,10:51,412.88,1359.74,23:59,
2024.04.16 4:15,2.3,631907187,2024-04-18,AUDCAD,386.61,667.95,10:51,-163.18,118.16,23:59,
2024.04.16 4:15,8.44,629032551,2024-04-18,AUDCAD,1331.87,2364.43,10:51,-685.96,346.6,23:59,
2024.04.16 4:15,8.44,629837039,2024-04-18,NZDCAD,2090.51,3038.15,10:51,52.42,1000.05,23:59,
2024.04.16 4:04,8.44,629032555,2024-04-18,AUDCAD,596.4,1629.39,10:51,-1424.33,-391.33,23:59,
2024.04.15 22:18,6.32,629837032,2024-04-18,EURUSD,3856.91,5120.86,10:51,1307.18,2571.13,23:59,
2024.04.17 21:08,1.67,632750121,2024-04-18,EURUSD,-159.21,174.8,10:51,483.49,817.5,23:59,
2024.04.17 7:25,2.3,632750133,2024-04-18,NZDCAD,59.94,318.9,10:51,562.47,821.43,23:59,
2024.04.18 6:08,2.58,633762209,2024-04-18,GBPAUD,432.46,1051.29,10:51,842.47,1461.31,23:59,
2024.04.18 16:47,8.44,633762183,2024-04-18,GBPCAD,0.0,0.0,10:51,-191.77,1798.24,23:59,
,,ALL,2024-04-19,ALL,6110.32,60305.62,3:04,0.0,40196.91,23:57,
2024.04.19 0:00,8.44,633762183,2024-04-19,GBPCAD,232.68,2222.7,3:04,0.0,0.0,23:57,
2024.04.19 0:00,8.44,629837009,2024-04-19,NZDCAD,779.26,1726.12,3:04,0.0,0.0,23:57,
2024.04.19 0:00,2.3,631907187,2024-04-19,AUDCAD,-36.43,244.91,3:04,0.0,0.0,23:57,
2024.04.19 0:00,8.44,629032551,2024-04-19,AUDCAD,-220.86,811.7,3:04,0.0,0.0,23:57,
2024.04.19 0:00,8.44,629837039,2024-04-19,NZDCAD,418.75,1366.39,3:04,0.0,0.0,23:57,
2024.04.19 0:00,8.44,629032555,2024-04-19,AUDCAD,0.0,0.0,3:04,0.0,0.0,23:57,
2024.04.15 22:18,6.32,629837032,2024-04-19,EURUSD,1307.34,2571.3,3:04,2058.84,3322.79,23:57,
2024.04.17 21:08,1.67,632750121,2024-04-19,EURUSD,511.79,845.81,3:04,263.51,597.52,23:57,
2024.04.17 7:25,2.3,632750133,2024-04-19,NZDCAD,515.0,773.96,3:04,1033.39,1292.35,23:57,
2024.04.19 0:00,2.58,633762209,2024-04-19,GBPAUD,730.05,1348.89,3:04,0.0,0.0,23:57,
2024.04.19 3:51,2.3,631907200,2024-04-19,AUDCAD,0.0,0.0,3:04,0.0,0.0,23:57,
2024.04.19 4:09,8.44,629032523,2024-04-19,AUDCAD,0.0,0.0,3:04,0.0,0.0,23:57,
2024.04.19 4:10,2.58,632750136,2024-04-19,EURAUD,0.0,0.0,3:04,0.0,0.0,23:57,
2024.04.19 4:11,1.67,634801633,2024-04-19,EURUSD,0.0,0.0,3:04,343.43,677.47,23:57,
2024.04.19 4:16,2.58,634801683,2024-04-19,EURAUD,0.0,0.0,3:04,0.0,0.0,23:57,
2024.04.19 4:16,2.58,632750139,2024-04-19,EURAUD,0.0,0.0,3:04,0.0,0.0,23:57,
2024.04.19 4:31,2.58,632750143,2024-04-19,EURAUD,0.0,0.0,3:04,0.0,0.0,23:57,
2024.04.19 4:31,2.58,634801686,2024-04-19,EURAUD,0.0,0.0,3:04,0.0,0.0,23:57,
2024.04.19 4:33,1.52,631907177,2024-04-19,NZDCHF,0.0,0.0,3:04,0.0,0.0,23:57,
2024.04.19 4:35,1.67,631907155,2024-04-19,AUDUSD,0.0,0.0,3:04,526.79,727.44,23:57,
2024.04.19 4:36,2.3,632750047,2024-04-19,AUDCAD,0.0,0.0,3:04,496.91,776.05,23:57,
2024.04.19 4:36,2.3,633762181,2024-04-19,NZDCAD,0.0,0.0,3:04,-64.88,192.24,23:57,
2024.04.19 4:36,2.58,632750156,2024-04-19,GBPAUD,0.0,0.0,3:04,0.0,0.0,23:57,
2024.04.19 4:36,1.67,634801638,2024-04-19,EURUSD,0.0,0.0,3:04,570.68,904.66,23:57,
2024.04.19 4:41,2.58,633762231,2024-04-19,EURAUD,0.0,0.0,3:04,1006.83,1543.86,23:57,
2024.04.19 4:41,2.58,633762234,2024-04-19,EURAUD,0.0,0.0,3:04,1006.83,1543.86,23:57,
2024.04.19 4:41,2.58,634801676,2024-04-19,EURAUD,0.0,0.0,3:04,1006.83,1543.86,23:57,
2024.04.19 4:42,2.3,632750064,2024-04-19,AUDCAD,0.0,0.0,3:04,601.36,880.31,23:57,
2024.04.19 5:25,1.67,634801626,2024-04-19,AUDUSD,0.0,0.0,3:04,821.42,1021.63,23:57,
2024.04.19 17:46,8.44,632750033,2024-04-19,GBPCAD,0.0,0.0,3:04,0.0,0.0,23:57,
2024.04.19 18:04,2.33,631907140,2024-04-19,GBPCAD,0.0,0.0,3:04,0.0,0.0,23:57,
2024.04.19 18:15,2.58,635858587,2024-04-19,GBPAUD,0.0,0.0,3:04,0.0,0.0,23:57,
2024.04.19 18:57,2.33,634801622,2024-04-19,GBPCAD,0.0,0.0,3:04,0.0,0.0,23:57,
2024.04.19 19:22,1.67,633762184,2024-04-19,GBPUSD,0.0,0.0,3:04,-93.81,294.55,23:57,
2024.04.19 19:50,2.58,632750091,2024-04-19,GBPAUD,0.0,0.0,3:04,0.0,0.0,23:57,
2024.04.19 21:40,1.67,632750039,2024-04-19,GBPUSD,0.0,0.0,3:04,-13.88,374.1,23:57,
,,ALL,2024-04-20,ALL,0.0,40196.91,0:00,0.0,40196.91,0:00,
2024.04.19 21:40,1.67,632750039,2024-04-20,GBPUSD,0.0,0.0,0:00,0.0,0.0,0:00,
2024.04.19 19:22,1.67,633762184,2024-04-20,GBPUSD,0.0,0.0,0:00,0.0,0.0,0:00,
2024.04.19 5:25,1.67,634801626,2024-04-20,AUDUSD,0.0,0.0,0:00,0.0,0.0,0:00,
2024.04.19 4:42,2.3,632750064,2024-04-20,AUDCAD,0.0,0.0,0:00,0.0,0.0,0:00,
2024.04.19 4:41,2.58,634801676,2024-04-20,EURAUD,0.0,0.0,0:00,0.0,0.0,0:00,
2024.04.19 4:41,2.58,633762234,2024-04-20,EURAUD,0.0,0.0,0:00,0.0,0.0,0:00,
2024.04.19 4:41,2.58,633762231,2024-04-20,EURAUD,0.0,0.0,0:00,0.0,0.0,0:00,
2024.04.15 22:18,6.32,629837032,2024-04-20,EURUSD,0.0,0.0,0:00,0.0,0.0,0:00,
2024.04.17 21:08,1.67,632750121,2024-04-20,EURUSD,0.0,0.0,0:00,0.0,0.0,0:00,
2024.04.17 7:25,2.3,632750133,2024-04-20,NZDCAD,0.0,0.0,0:00,0.0,0.0,0:00,
2024.04.19 4:36,1.67,634801638,2024-04-20,EURUSD,0.0,0.0,0:00,0.0,0.0,0:00,
2024.04.19 4:36,2.3,633762181,2024-04-20,NZDCAD,0.0,0.0,0:00,0.0,0.0,0:00,
2024.04.19 4:36,2.3,632750047,2024-04-20,AUDCAD,0.0,0.0,0:00,0.0,0.0,0:00,
2024.04.19 4:35,1.67,631907155,2024-04-20,AUDUSD,0.0,0.0,0:00,0.0,0.0,0:00,
2024.04.19 4:11,1.67,634801633,2024-04-20,EURUSD,0.0,0.0,0:00,0.0,0.0,0:00,
,,ALL,2024-04-21,ALL,2751.77,42948.68,0:00,2028.59,42225.5,0:00,
2024.04.19 19:22,1.67,633762184,2024-04-21,GBPUSD,-202.01,186.35,0:00,-308.61,79.75,0:00,
2024.04.19 5:25,1.67,634801626,2024-04-21,AUDUSD,497.18,697.39,0:00,481.51,681.71,0:00,
2024.04.19 4:42,2.3,632750064,2024-04-21,AUDCAD,0.0,0.0,0:00,0.0,0.0,0:00,
2024.04.19 4:41,2.58,634801676,2024-04-21,EURAUD,0.0,0.0,0:00,0.0,0.0,0:00,
2024.04.19 4:41,2.58,633762234,2024-04-21,EURAUD,0.0,0.0,0:00,0.0,0.0,0:00,
2024.04.19 4:41,2.58,633762231,2024-04-21,EURAUD,0.0,0.0,0:00,0.0,0.0,0:00,
2024.04.15 22:18,6.32,629837032,2024-04-21,EURUSD,1466.24,2730.2,0:00,1199.27,2463.22,0:00,
2024.04.17 21:08,1.67,632750121,2024-04-21,EURUSD,309.06,643.08,0:00,238.52,572.53,0:00,
2024.04.17 7:25,2.3,632750133,2024-04-21,NZDCAD,0.0,0.0,0:00,0.0,0.0,0:00,
2024.04.19 4:36,1.67,634801638,2024-04-21,EURUSD,414.1,748.08,0:00,343.55,677.53,0:00,
2024.04.19 4:36,2.3,633762181,2024-04-21,NZDCAD,0.0,0.0,0:00,0.0,0.0,0:00,
2024.04.19 4:36,2.3,632750047,2024-04-21,AUDCAD,0.0,0.0,0:00,0.0,0.0,0:00,
2024.04.19 4:35,1.67,631907155,2024-04-21,AUDUSD,202.46,403.1,0:00,186.78,387.43,0:00,
2024.04.19 4:11,1.67,634801633,2024-04-21,EURUSD,186.78,520.82,0:00,116.24,450.27,0:00,
,,ALL,2024-04-22,ALL,11528.62,55938.48,8:34,0.0,39518.93,23:59,
2024.04.19 5:25,1.67,634801626,2024-04-22,AUDUSD,1050.9,1251.11,8:34,1331.02,1531.23,23:59,
2024.04.19 4:42,2.3,632750064,2024-04-22,AUDCAD,762.13,1041.07,8:34,800.92,1079.87,23:59,
2024.04.20 0:00,2.58,634801676,2024-04-22,EURAUD,0.0,0.0,8:34,0.0,0.0,23:59,
2024.04.20 0:00,2.58,633762234,2024-04-22,EURAUD,0.0,0.0,8:34,0.0,0.0,23:59,
2024.04.20 0:00,2.58,633762231,2024-04-22,EURAUD,0.0,0.0,8:34,0.0,0.0,23:59,
2024.04.15 22:18,6.32,629837032,2024-04-22,EURUSD,2620.03,3883.98,8:34,1893.15,3157.11,23:59,
2024.04.17 21:08,1.67,632750121,2024-04-22,EURUSD,159.93,493.95,8:34,324.69,658.71,23:59,
2024.04.17 7:25,2.3,632750133,2024-04-22,NZDCAD,790.59,1049.55,8:34,807.25,1066.21,23:59,
2024.04.19 4:36,1.67,634801638,2024-04-22,EURUSD,718.94,1052.92,8:34,526.9,860.88,23:59,
2024.04.19 4:36,2.3,633762181,2024-04-22,NZDCAD,241.91,499.04,8:34,180.45,437.57,23:59,
2024.04.19 4:36,2.3,632750047,2024-04-22,AUDCAD,657.77,936.9,8:34,696.45,975.59,23:59,
2024.04.19 4:35,1.67,631907155,2024-04-22,AUDUSD,756.52,957.17,8:34,1036.33,1236.98,23:59,
2024.04.19 4:11,1.67,634801633,2024-04-22,EURUSD,491.89,825.93,8:34,299.61,633.65,23:59,
2024.04.22 2:52,2.81,633762192,2024-04-22,GBPNZD,0.0,0.0,8:34,0.0,0.0,23:59,
2024.04.22 3:30,2.58,635858566,2024-04-22,EURAUD,505.52,1036.63,8:34,0.0,0.0,23:59,
2024.04.22 3:30,2.33,635858531,2024-04-22,GBPCAD,107.32,651.97,8:34,0.0,0.0,23:59,
2024.04.22 4:57,2.81,635858582,2024-04-22,EURNZD,680.42,1252.44,8:34,-266.75,305.27,23:59,
2024.04.22 4:57,2.81,631907321,2024-04-22,GBPNZD,842.47,1506.56,8:34,0.0,0.0,23:59,
2024.04.22 4:57,2.81,635858523,2024-04-22,EURNZD,755.09,1326.96,8:34,-192.0,379.87,23:59,
2024.04.22 12:50,1.67,631907275,2024-04-22,GBPUSD,0.0,0.0,8:34,0.0,0.0,23:59,
2024.04.22 13:17,1.67,632750080,2024-04-22,GBPUSD,0.0,0.0,8:34,0.0,0.0,23:59,
2024.04.22 13:18,1.67,633762206,2024-04-22,GBPUSD,0.0,0.0,8:34,0.0,0.0,23:59,
2024.04.22 13:53,10.12,629837066,2024-04-22,GBPNZD,0.0,0.0,8:34,0.0,0.0,23:59,
2024.04.22 13:58,9.44,629032587,2024-04-22,GBPAUD,0.0,0.0,8:34,147.84,2397.96,23:59,
2024.04.22 14:50,10.12,629032546,2024-04-22,GBPNZD,0.0,0.0,8:34,843.63,3235.51,23:59,
2024.04.22 14:51,2.58,635858578,2024-04-22,EURAUD,0.0,0.0,8:34,-129.81,401.71,23:59,
2024.04.22 14:58,2.58,635858573,2024-04-22,EURAUD,0.0,0.0,8:34,-52.74,478.75,23:59,
2024.04.22 16:01,1.67,637194856,2024-04-22,GBPUSD,0.0,0.0,8:34,603.71,990.15,23:59,
2024.04.22 16:09,2.58,637194942,2024-04-22,GBPAUD,0.0,0.0,8:34,212.21,827.52,23:59,
,,ALL,2024-04-23,ALL,15952.74,59754.4,16:45,1022.35,40541.28,0:01,
2024.04.22 16:09,2.58,637194942,2024-04-23,GBPAUD,843.13,1458.45,16:45,-102.53,512.79,0:01,
2024.04.23 0:00,1.67,637194856,2024-04-23,GBPUSD,1766.09,2152.53,16:45,37.85,424.3,0:01,
2024.04.19 4:42,2.3,632750064,2024-04-23,AUDCAD,1172.99,1451.93,16:45,424.27,703.21,0:01,
2024.04.23 0:00,2.58,635858573,2024-04-23,EURAUD,0.0,0.0,16:45,-449.41,82.07,0:01,
2024.04.23 0:00,2.58,635858578,2024-04-23,EURAUD,0.0,0.0,16:45,-526.5,5.02,0:01,
2024.04.23 0:00,10.12,629032546,2024-04-23,GBPNZD,0.0,0.0,16:45,-892.06,1499.83,0:01,
2024.04.15 22:18,6.32,629837032,2024-04-23,EURUSD,4473.7,5737.65,16:45,1561.18,2825.14,0:01,
2024.04.23 0:00,1.67,632750121,2024-04-23,EURUSD,189.11,523.13,16:45,277.71,611.73,0:01,
2024.04.17 7:25,2.3,632750133,2024-04-23,NZDCAD,955.41,1214.37,16:45,712.38,971.35,0:01,
2024.04.19 4:36,1.67,634801638,2024-04-23,EURUSD,1208.68,1542.66,16:45,439.18,773.17,0:01,
2024.04.19 4:36,2.3,633762181,2024-04-23,NZDCAD,326.32,583.45,16:45,-251.7,5.42,0:01,
2024.04.19 4:36,2.3,632750047,2024-04-23,AUDCAD,1068.93,1348.06,16:45,319.78,598.92,0:01,
2024.04.23 0:00,1.67,631907155,2024-04-23,AUDUSD,1481.92,1682.56,16:45,817.0,1017.65,0:01,
2024.04.19 4:11,1.67,634801633,2024-04-23,EURUSD,982.28,1316.32,16:45,211.87,545.9,0:01,
2024.04.23 0:00,9.44,629032587,2024-04-23,GBPAUD,0.0,0.0,16:45,-1003.84,1246.28,0:01,
2024.04.22 4:57,2.81,635858523,2024-04-23,EURNZD,432.89,1004.76,16:45,-794.9,-223.03,0:01,
2024.04.23 0:00,2.81,635858582,2024-04-23,EURNZD,0.0,0.0,16:45,-869.66,-297.64,0:01,
2024.04.23 4:00,2.58,633762202,2024-04-23,EURAUD,307.3,836.95,16:45,0.0,0.0,0:01,
2024.04.23 16:45,2.3,635858644,2024-04-23,AUDCAD,226.99,506.28,16:45,0.0,0.0,0:01,
2024.04.23 16:45,1.67,632750115,2024-04-23,EURUSD,517.0,851.01,16:45,0.0,0.0,0:01,
2024.04.23 16:53,1.67,637194982,2024-04-23,EURUSD,0.0,0.0,16:45,0.0,0.0,0:01,
2024.04.23 16:55,1.67,637194957,2024-04-23,GBPUSD,0.0,0.0,16:45,0.0,0.0,0:01,
2024.04.23 17:18,1.67,635858607,2024-04-23,AUDUSD,0.0,0.0,16:45,0.0,0.0,0:01,
2024.04.23 18:49,1.52,635858625,2024-04-23,NZDCHF,0.0,0.0,16:45,0.0,0.0,0:01,
2024.04.23 22:36,2.81,634801669,2024-04-23,AUDNZD,0.0,0.0,16:45,0.0,0.0,0:01,
2024.04.23 22:36,2.81,633762220,2024-04-23,AUDNZD,0.0,0.0,16:45,0.0,0.0,0:01,
,,ALL,2024-04-24,ALL,17544.51,59965.11,4:30,0.0,35492.46,23:59,
2024.04.24 0:00,2.81,633762220,2024-04-24,AUDNZD,175.96,522.17,4:30,0.0,0.0,23:59,
2024.04.24 0:00,2.81,634801669,2024-04-24,AUDNZD,171.21,517.42,4:30,0.0,0.0,23:59,
2024.04.24 0:00,2.3,632750064,2024-04-24,AUDCAD,1823.06,2102.01,4:30,0.0,0.0,23:59,
2024.04.23 18:49,1.52,635858625,2024-04-24,NZDCHF,-108.86,61.3,4:30,-347.94,-177.78,23:59,
2024.04.24 0:00,1.67,635858607,2024-04-24,AUDUSD,-174.44,27.94,4:30,0.0,0.0,23:59,
2024.04.23 16:55,1.67,637194957,2024-04-24,GBPUSD,-286.69,101.34,4:30,-363.5,24.53,23:59,
2024.04.15 22:18,6.32,629837032,2024-04-24,EURUSD,5369.77,6633.73,4:30,4590.45,5854.4,23:59,
2024.04.23 16:53,1.67,637194982,2024-04-24,EURUSD,-77.78,256.24,4:30,65.74,399.76,23:59,
2024.04.17 7:25,2.3,632750133,2024-04-24,NZDCAD,706.83,965.79,4:30,430.26,689.22,23:59,
2024.04.19 4:36,1.67,634801638,2024-04-24,EURUSD,1445.42,1779.4,4:30,1239.52,1573.5,23:59,
2024.04.19 4:36,2.3,633762181,2024-04-24,NZDCAD,439.19,696.31,4:30,550.05,807.17,23:59,
2024.04.24 0:00,2.3,632750047,2024-04-24,AUDCAD,1719.15,1998.29,4:30,0.0,0.0,23:59,
2024.04.23 16:45,1.67,632750115,2024-04-24,EURUSD,-204.06,129.95,4:30,-60.69,273.33,23:59,
2024.04.19 4:11,1.67,634801633,2024-04-24,EURUSD,1219.36,1553.39,4:30,1013.2,1347.23,23:59,
2024.04.24 0:00,2.3,635858644,2024-04-24,AUDCAD,-270.86,8.43,4:30,0.0,0.0,23:59,
2024.04.22 4:57,2.81,635858523,2024-04-24,EURNZD,217.09,788.96,4:30,247.45,819.32,23:59,
2024.04.24 0:00,2.58,633762202,2024-04-24,EURAUD,-292.1,237.55,4:30,0.0,0.0,23:59,
2024.04.24 3:54,9.11,629838152,2024-04-24,AUDJPY,0.0,0.0,4:30,0.0,0.0,23:59,
2024.04.24 3:54,9.11,630160020,2024-04-24,AUDJPY,0.0,0.0,4:30,0.0,0.0,23:59,
2024.04.24 4:19,2.58,637194936,2024-04-24,EURAUD,-73.29,453.42,4:30,0.0,0.0,23:59,
2024.04.24 4:28,2.3,635858611,2024-04-24,AUDCAD,-9.51,269.95,4:30,0.0,0.0,23:59,
2024.04.24 4:30,2.58,633762204,2024-04-24,EURAUD,439.39,964.99,4:30,0.0,0.0,23:59,
2024.04.24 4:30,1.67,632750106,2024-04-24,AUDUSD,234.03,437.1,4:30,214.03,417.09,23:59,
2024.04.24 4:30,2.58,633762207,2024-04-24,EURAUD,503.28,1028.75,4:30,0.0,0.0,23:59,
2024.04.24 4:30,2.58,634801640,2024-04-24,EURAUD,503.28,1028.75,4:30,0.0,0.0,23:59,
2024.04.24 4:30,2.58,634801642,2024-04-24,EURAUD,503.28,1028.75,4:30,0.0,0.0,23:59,
2024.04.24 4:30,2.58,637194911,2024-04-24,EURAUD,503.28,1028.75,4:30,0.0,0.0,23:59,
2024.04.24 4:30,2.3,635858637,2024-04-24,AUDCAD,280.17,560.16,4:30,0.0,0.0,23:59,
2024.04.24 4:30,2.3,635858627,2024-04-24,AUDCAD,280.17,560.16,4:30,0.0,0.0,23:59,
2024.04.24 4:30,2.58,632750078,2024-04-24,EURAUD,650.21,1175.39,4:30,0.0,0.0,23:59,
2024.04.24 4:30,2.58,632750082,2024-04-24,EURAUD,650.21,1175.39,4:30,0.0,0.0,23:59,
2024.04.24 4:30,2.58,634801636,2024-04-24,EURAUD,607.09,1132.33,4:30,0.0,0.0,23:59,
2024.04.24 4:33,1.67,633762217,2024-04-24,AUDUSD,0.0,0.0,4:30,312.36,515.63,23:59,
2024.04.24 4:33,2.58,632750075,2024-04-24,EURAUD,0.0,0.0,4:30,515.07,1039.97,23:59,
2024.04.24 4:38,3.33,625314879,2024-04-24,GBPAUD,0.0,0.0,4:30,1473.84,2261.4,23:59,
2024.04.24 4:57,2.81,635858616,2024-04-24,AUDNZD,0.0,0.0,4:30,526.19,873.71,23:59,
2024.04.24 5:07,2.3,635858590,2024-04-24,AUDCAD,0.0,0.0,4:30,126.05,406.72,23:59,
2024.04.24 5:15,9.44,629837068,2024-04-24,GBPAUD,0.0,0.0,4:30,4909.43,7140.76,23:59,
2024.04.24 16:31,2.3,632750111,2024-04-24,AUDCAD,0.0,0.0,4:30,200.13,481.29,23:59,
2024.04.24 20:17,3.33,626388572,2024-04-24,EURJPY,0.0,0.0,4:30,0.0,0.0,23:59,
,,ALL,2024-04-25,ALL,18307.47,66742.8,16:14,1623.08,37115.54,0:00,
2024.04.24 16:31,2.3,632750111,2024-04-25,AUDCAD,247.87,529.03,16:14,209.59,490.75,0:00,
2024.04.25 0:00,9.44,629837068,2024-04-25,GBPAUD,0.0,0.0,16:14,0.0,0.0,0:00,
2024.04.24 5:07,2.3,635858590,2024-04-25,AUDCAD,173.66,454.34,16:14,135.5,416.18,0:00,
2024.04.24 4:57,2.81,635858616,2024-04-25,AUDNZD,425.61,773.13,16:14,0.0,0.0,0:00,
2024.04.25 0:00,1.52,635858625,2024-04-25,NZDCHF,0.0,0.0,16:14,-351.08,-180.92,0:00,
2024.04.25 0:00,3.33,625314879,2024-04-25,GBPAUD,0.0,0.0,16:14,0.0,0.0,0:00,
2024.04.25 0:00,1.67,637194957,2024-04-25,GBPUSD,0.0,0.0,16:14,0.0,0.0,0:00,
2024.04.25 0:00,6.32,629837032,2024-04-25,EURUSD,0.0,0.0,16:14,0.0,0.0,0:00,
2024.04.25 0:00,1.67,637194982,2024-04-25,EURUSD,0.0,0.0,16:14,0.0,0.0,0:00,
2024.04.17 7:25,2.3,632750133,2024-04-25,NZDCAD,571.57,830.53,16:14,409.77,668.73,0:00,
2024.04.25 0:00,1.67,634801638,2024-04-25,EURUSD,0.0,0.0,16:14,0.0,0.0,0:00,
2024.04.19 4:36,2.3,633762181,2024-04-25,NZDCAD,468.93,726.06,16:14,524.83,781.95,0:00,
2024.04.24 4:33,2.58,632750075,2024-04-25,EURAUD,522.42,1047.32,16:14,521.47,1046.36,0:00,
2024.04.25 0:00,1.67,632750115,2024-04-25,EURUSD,0.0,0.0,16:14,0.0,0.0,0:00,
2024.04.25 0:00,1.67,634801633,2024-04-25,EURUSD,0.0,0.0,16:14,0.0,0.0,0:00,
2024.04.24 4:33,1.67,633762217,2024-04-25,AUDUSD,505.26,708.53,16:14,0.0,0.0,0:00,
2024.04.25 0:00,2.81,635858523,2024-04-25,EURNZD,0.0,0.0,16:14,173.01,744.88,0:00,
2024.04.25 0:00,1.67,632750106,2024-04-25,AUDUSD,0.0,0.0,16:14,0.0,0.0,0:00,
2024.04.25 9:05,2.33,637194951,2024-04-25,GBPCAD,0.0,0.0,16:14,0.0,0.0,0:00,
2024.04.25 9:40,1.67,634801673,2024-04-25,EURUSD,742.94,1076.94,16:14,0.0,0.0,0:00,
2024.04.25 9:53,1.67,637194973,2024-04-25,GBPUSD,660.06,1049.43,16:14,0.0,0.0,0:00,
2024.04.25 9:53,2.3,635858631,2024-04-25,AUDCAD,295.24,575.81,16:14,0.0,0.0,0:00,
2024.04.25 11:02,1.52,637194968,2024-04-25,NZDCHF,396.39,567.16,16:14,0.0,0.0,0:00,
2024.04.25 11:02,2.3,635858598,2024-04-25,NZDCAD,412.09,668.52,16:14,0.0,0.0,0:00,
2024.04.25 11:03,1.67,632750103,2024-04-25,GBPUSD,850.83,1240.57,16:14,0.0,0.0,0:00,
2024.04.25 11:13,1.67,634801671,2024-04-25,EURUSD,778.9,1112.91,16:14,0.0,0.0,0:00,
2024.04.25 11:34,1.67,633762215,2024-04-25,GBPUSD,932.14,1321.95,16:14,0.0,0.0,0:00,
2024.04.25 12:07,2.3,633762225,2024-04-25,AUDCAD,408.93,689.66,16:14,0.0,0.0,0:00,
2024.04.25 13:33,2.3,632750128,2024-04-25,AUDCAD,431.04,711.78,16:14,0.0,0.0,0:00,
2024.04.25 15:00,2.3,637194946,2024-04-25,AUDCAD,445.25,726.27,16:14,0.0,0.0,0:00,
2024.04.25 15:30,2.3,632750123,2024-04-25,AUDCAD,465.78,746.8,16:14,0.0,0.0,0:00,
2024.04.25 15:30,1.67,634801679,2024-04-25,EURUSD,916.5,1251.07,16:14,0.0,0.0,0:00,
2024.04.25 15:30,6.32,629838158,2024-04-25,EURUSD,3468.43,4734.57,16:14,0.0,0.0,0:00,
2024.04.25 15:30,6.32,630160100,2024-04-25,EURUSD,3468.43,4734.57,16:14,0.0,0.0,0:00,
2024.04.25 15:40,2.55,639895447,2024-04-25,AUDJPY,614.06,930.69,16:14,0.0,0.0,0:00,
2024.04.25 16:07,2.81,639895451,2024-04-25,GBPNZD,105.12,772.59,16:14,0.0,0.0,0:00,
,,ALL,2024-04-26,ALL,22172.66,66186.57,18:12,-3795.91,42352.13,11:42,
2024.04.25 16:07,2.81,639895451,2024-04-26,GBPNZD,935.29,1602.76,18:12,577.09,1244.56,11:42,
2024.04.26 0:00,2.3,635858590,2024-04-26,AUDCAD,0.0,0.0,18:12,0.0,0.0,11:42,
2024.04.24 4:57,2.81,635858616,2024-04-26,AUDNZD,-158.31,189.21,18:12,-7.58,339.94,11:42,
2024.04.26 0:00,2.55,639895447,2024-04-26,AUDJPY,0.0,0.0,18:12,0.0,0.0,11:42,
2024.04.25 15:30,6.32,630160100,2024-04-26,EURUSD,3730.35,4996.5,18:12,-934.07,332.08,11:42,
2024.04.25 15:30,6.32,629838158,2024-04-26,EURUSD,3730.35,4996.5,18:12,-934.07,332.08,11:42,
2024.04.25 15:30,1.67,634801679,2024-04-26,EURUSD,985.71,1320.28,18:12,-246.81,87.75,11:42,
2024.04.25 15:30,2.3,632750123,2024-04-26,AUDCAD,78.96,359.98,18:12,-127.15,153.87,11:42,
2024.04.17 7:25,2.3,632750133,2024-04-26,NZDCAD,658.69,917.65,18:12,330.82,589.78,11:42,
2024.04.25 15:00,2.3,637194946,2024-04-26,AUDCAD,58.42,339.44,18:12,-147.54,133.48,11:42,
2024.04.19 4:36,2.3,633762181,2024-04-26,NZDCAD,382.25,639.38,18:12,658.61,915.74,11:42,
2024.04.26 0:00,2.58,632750075,2024-04-26,EURAUD,0.0,0.0,18:12,0.0,0.0,11:42,
2024.04.25 13:33,2.3,632750128,2024-04-26,AUDCAD,44.21,324.95,18:12,-161.66,119.08,11:42,
2024.04.25 12:07,2.3,633762225,2024-04-26,AUDCAD,22.09,302.82,18:12,-183.61,97.11,11:42,
2024.04.26 0:00,1.67,633762217,2024-04-26,AUDUSD,0.0,0.0,18:12,0.0,0.0,11:42,
2024.04.25 11:34,1.67,633762215,2024-04-26,GBPUSD,1084.27,1474.07,18:12,-347.77,42.04,11:42,
2024.04.25 11:13,1.67,634801671,2024-04-26,EURUSD,848.06,1182.07,18:12,-383.49,-49.48,11:42,
2024.04.26 0:00,1.67,632750103,2024-04-26,GBPUSD,0.0,0.0,18:12,-428.53,-38.79,11:42,
2024.04.26 0:00,1.67,634801673,2024-04-26,EURUSD,0.0,0.0,18:12,-419.21,-85.22,11:42,
2024.04.26 0:00,1.67,637194973,2024-04-26,GBPUSD,0.0,0.0,18:12,0.0,0.0,11:42,
2024.04.26 0:00,2.3,635858631,2024-04-26,AUDCAD,0.0,0.0,18:12,-296.54,-15.98,11:42,
2024.04.25 11:02,1.52,637194968,2024-04-26,NZDCHF,276.82,447.58,18:12,90.19,260.96,11:42,
2024.04.25 11:02,2.3,635858598,2024-04-26,NZDCAD,499.15,755.58,18:12,172.41,428.85,11:42,
2024.04.26 9:08,8.44,629837003,2024-04-26,USDCAD,3066.36,4640.08,18:12,-247.86,1325.86,11:42,
2024.04.26 11:02,1.67,637194961,2024-04-26,AUDUSD,530.5,734.26,18:12,-46.46,157.3,11:42,
2024.04.26 11:29,1.67,639895453,2024-04-26,EURUSD,1132.76,1466.77,18:12,-100.82,233.19,11:42,
2024.04.26 11:40,1.67,633762232,2024-04-26,GBPUSD,1293.88,1683.31,18:12,-139.65,249.78,11:42,
2024.04.26 11:40,1.67,632750141,2024-04-26,GBPUSD,1314.22,1703.68,18:12,-119.45,270.01,11:42,
2024.04.26 11:42,1.67,631907440,2024-04-26,GBPUSD,1425.28,1814.85,18:12,-9.18,380.38,11:42,
2024.04.26 11:53,2.81,631907383,2024-04-26,AUDNZD,-105.93,240.58,18:12,0.0,0.0,11:42,
2024.04.26 15:39,2.58,639895431,2024-04-26,EURAUD,0.0,0.0,18:12,0.0,0.0,11:42,
2024.04.26 16:42,2.58,631907298,2024-04-26,EURAUD,72.34,595.47,18:12,0.0,0.0,11:42,
2024.04.26 16:55,2.3,632750093,2024-04-26,AUDCAD,266.94,548.61,18:12,0.0,0.0,11:42,
,,ALL,2024-04-27,ALL,0.0,44013.91,0:00,0.0,44013.91,0:00,
2024.04.26 16:55,2.3,632750093,2024-04-27,AUDCAD,0.0,0.0,0:00,0.0,0.0,0:00,
2024.04.26 16:42,2.58,631907298,2024-04-27,EURAUD,0.0,0.0,0:00,0.0,0.0,0:00,
2024.04.24 4:57,2.81,635858616,2024-04-27,AUDNZD,0.0,0.0,0:00,0.0,0.0,0:00,
2024.04.26 11:53,2.81,631907383,2024-04-27,AUDNZD,0.0,0.0,0:00,0.0,0.0,0:00,
2024.04.25 15:30,6.32,630160100,2024-04-27,EURUSD,0.0,0.0,0:00,0.0,0.0,0:00,
2024.04.25 15:30,6.32,629838158,2024-04-27,EURUSD,0.0,0.0,0:00,0.0,0.0,0:00,
2024.04.25 15:30,1.67,634801679,2024-04-27,EURUSD,0.0,0.0,0:00,0.0,0.0,0:00,
2024.04.25 15:30,2.3,632750123,2024-04-27,AUDCAD,0.0,0.0,0:00,0.0,0.0,0:00,
2024.04.17 7:25,2.3,632750133,2024-04-27,NZDCAD,0.0,0.0,0:00,0.0,0.0,0:00,
2024.04.25 15:00,2.3,637194946,2024-04-27,AUDCAD,0.0,0.0,0:00,0.0,0.0,0:00,
2024.04.19 4:36,2.3,633762181,2024-04-27,NZDCAD,0.0,0.0,0:00,0.0,0.0,0:00,
2024.04.26 11:42,1.67,631907440,2024-04-27,GBPUSD,0.0,0.0,0:00,0.0,0.0,0:00,
2024.04.25 13:33,2.3,632750128,2024-04-27,AUDCAD,0.0,0.0,0:00,0.0,0.0,0:00,
2024.04.25 12:07,2.3,633762225,2024-04-27,AUDCAD,0.0,0.0,0:00,0.0,0.0,0:00,
2024.04.26 11:40,1.67,632750141,2024-04-27,GBPUSD,0.0,0.0,0:00,0.0,0.0,0:00,
2024.04.25 11:34,1.67,633762215,2024-04-27,GBPUSD,0.0,0.0,0:00,0.0,0.0,0:00,
2024.04.25 11:13,1.67,634801671,2024-04-27,EURUSD,0.0,0.0,0:00,0.0,0.0,0:00,
2024.04.26 11:40,1.67,633762232,2024-04-27,GBPUSD,0.0,0.0,0:00,0.0,0.0,0:00,
2024.04.26 11:29,1.67,639895453,2024-04-27,EURUSD,0.0,0.0,0:00,0.0,0.0,0:00,
2024.04.26 11:02,1.67,637194961,2024-04-27,AUDUSD,0.0,0.0,0:00,0.0,0.0,0:00,
2024.04.26 9:08,8.44,629837003,2024-04-27,USDCAD,0.0,0.0,0:00,0.0,0.0,0:00,
2024.04.25 11:02,1.52,637194968,2024-04-27,NZDCHF,0.0,0.0,0:00,0.0,0.0,0:00,
2024.04.25 11:02,2.3,635858598,2024-04-27,NZDCAD,0.0,0.0,0:00,0.0,0.0,0:00,
,,ALL,2024-04-28,ALL,8653.67,52667.58,0:00,7800.94,51814.85,0:00,
2024.04.26 16:42,2.58,631907298,2024-04-28,EURAUD,0.0,0.0,0:00,0.0,0.0,0:00,
2024.04.24 4:57,2.81,635858616,2024-04-28,AUDNZD,0.0,0.0,0:00,0.0,0.0,0:00,
2024.04.26 11:53,2.81,631907383,2024-04-28,AUDNZD,0.0,0.0,0:00,0.0,0.0,0:00,
2024.04.25 15:30,6.32,630160100,2024-04-28,EURUSD,2301.29,3567.44,0:00,2301.29,3567.44,0:00,
2024.04.25 15:30,6.32,629838158,2024-04-28,EURUSD,2301.29,3567.44,0:00,2301.29,3567.44,0:00,
2024.04.25 15:30,1.67,634801679,2024-04-28,EURUSD,608.1,942.67,0:00,608.1,942.67,0:00,
2024.04.25 15:30,2.3,632750123,2024-04-28,AUDCAD,0.0,0.0,0:00,0.0,0.0,0:00,
2024.04.17 7:25,2.3,632750133,2024-04-28,NZDCAD,192.49,451.45,0:00,192.49,451.45,0:00,
2024.04.25 15:00,2.3,637194946,2024-04-28,AUDCAD,0.0,0.0,0:00,0.0,0.0,0:00,
2024.04.19 4:36,2.3,633762181,2024-04-28,NZDCAD,171.97,429.1,0:00,171.97,429.1,0:00,
2024.04.26 11:42,1.67,631907440,2024-04-28,GBPUSD,0.0,0.0,0:00,0.0,0.0,0:00,
2024.04.25 13:33,2.3,632750128,2024-04-28,AUDCAD,0.0,0.0,0:00,0.0,0.0,0:00,
2024.04.25 12:07,2.3,633762225,2024-04-28,AUDCAD,0.0,0.0,0:00,0.0,0.0,0:00,
2024.04.26 11:40,1.67,632750141,2024-04-28,GBPUSD,0.0,0.0,0:00,0.0,0.0,0:00,
2024.04.25 11:34,1.67,633762215,2024-04-28,GBPUSD,0.0,0.0,0:00,0.0,0.0,0:00,
2024.04.25 11:13,1.67,634801671,2024-04-28,EURUSD,470.58,804.59,0:00,470.58,804.59,0:00,
2024.04.26 11:40,1.67,633762232,2024-04-28,GBPUSD,0.0,0.0,0:00,0.0,0.0,0:00,
2024.04.26 11:29,1.67,639895453,2024-04-28,EURUSD,755.0,1089.01,0:00,755.0,1089.01,0:00,
2024.04.26 11:02,1.67,637194961,2024-04-28,AUDUSD,511.21,714.96,0:00,353.37,557.13,0:00,
2024.04.26 9:08,8.44,629837003,2024-04-28,USDCAD,1308.63,2882.35,0:00,613.73,2187.45,0:00,
2024.04.25 11:02,1.52,637194968,2024-04-28,NZDCHF,0.0,0.0,0:00,0.0,0.0,0:00,
2024.04.25 11:02,2.3,635858598,2024-04-28,NZDCAD,33.1,289.54,0:00,33.1,289.54,0:00,
,,ALL,2024-04-29,ALL,15173.91,58770.24,1:00,0.0,34137.09,23:59,
2024.04.27 0:00,2.81,635858616,2024-04-29,AUDNZD,0.0,0.0,1:00,0.0,0.0,23:59,
2024.04.27 0:00,2.81,631907383,2024-04-29,AUDNZD,122.35,468.85,1:00,0.0,0.0,23:59,
2024.04.25 15:30,6.32,630160100,2024-04-29,EURUSD,2665.11,3931.26,1:00,996.97,2263.11,23:59,
2024.04.25 15:30,6.32,629838158,2024-04-29,EURUSD,2665.11,3931.26,1:00,996.97,2263.11,23:59,
2024.04.25 15:30,1.67,634801679,2024-04-29,EURUSD,704.24,1038.8,1:00,263.44,598.01,23:59,
2024.04.27 0:00,2.3,632750123,2024-04-29,AUDCAD,102.42,383.44,1:00,0.0,0.0,23:59,
2024.04.17 7:25,2.3,632750133,2024-04-29,NZDCAD,721.94,980.9,1:00,-72.44,186.52,23:59,
2024.04.27 0:00,2.3,637194946,2024-04-29,AUDCAD,81.92,362.94,1:00,0.0,0.0,23:59,
2024.04.19 4:36,2.3,633762181,2024-04-29,NZDCAD,422.43,679.55,1:00,1066.51,1323.63,23:59,
2024.04.27 0:00,1.67,631907440,2024-04-29,GBPUSD,786.97,1176.54,1:00,0.0,0.0,23:59,
2024.04.27 0:00,2.3,632750128,2024-04-29,AUDCAD,67.74,348.48,1:00,0.0,0.0,23:59,
2024.04.27 0:00,2.3,633762225,2024-04-29,AUDCAD,45.67,326.39,1:00,0.0,0.0,23:59,
2024.04.27 0:00,1.67,632750141,2024-04-29,GBPUSD,676.14,1065.6,1:00,0.0,0.0,23:59,
2024.04.27 0:00,1.67,633762215,2024-04-29,GBPUSD,446.66,836.46,1:00,0.0,0.0,23:59,
2024.04.25 11:13,1.67,634801671,2024-04-29,EURUSD,566.86,900.87,1:00,126.35,460.37,23:59,
2024.04.27 0:00,1.67,633762232,2024-04-29,GBPUSD,655.84,1045.27,1:00,0.0,0.0,23:59,
2024.04.26 11:29,1.67,639895453,2024-04-29,EURUSD,850.98,1184.99,1:00,409.88,743.89,23:59,
2024.04.29 0:00,1.67,637194961,2024-04-29,AUDUSD,328.01,531.77,1:00,0.0,0.0,23:59,
2024.04.26 9:08,8.44,629837003,2024-04-29,USDCAD,1457.6,3031.32,1:00,981.12,2554.84,23:59,
2024.04.25 11:02,1.52,637194968,2024-04-29,NZDCHF,202.33,373.1,1:00,-14.64,156.13,23:59,
2024.04.25 11:02,2.3,635858598,2024-04-29,NZDCAD,562.73,819.16,1:00,-231.33,25.11,23:59,
2024.04.29 4:35,2.58,631907245,2024-04-29,EURAUD,0.0,0.0,1:00,0.0,0.0,23:59,
2024.04.29 4:35,2.58,631907231,2024-04-29,EURAUD,0.0,0.0,1:00,0.0,0.0,23:59,
2024.04.29 4:37,1.67,634801666,2024-04-29,AUDUSD,0.0,0.0,1:00,0.0,0.0,23:59,
2024.04.29 4:37,3.33,626404569,2024-04-29,EURAUD,0.0,0.0,1:00,0.0,0.0,23:59,
2024.04.29 4:37,3.33,626405831,2024-04-29,EURAUD,0.0,0.0,1:00,0.0,0.0,23:59,
2024.04.29 4:37,3.33,626399743,2024-04-29,EURAUD,0.0,0.0,1:00,0.0,0.0,23:59,
2024.04.29 4:37,3.33,626411284,2024-04-29,EURAUD,0.0,0.0,1:00,0.0,0.0,23:59,
2024.04.29 5:44,2.3,639895454,2024-04-29,AUDCAD,0.0,0.0,1:00,-144.8,137.18,23:59,
2024.04.29 7:12,2.3,639895460,2024-04-29,AUDCAD,0.0,0.0,1:00,-28.39,253.71,23:59,
2024.04.29 7:14,2.81,634801654,2024-04-29,EURNZD,0.0,0.0,1:00,0.0,0.0,23:59,
2024.04.29 7:15,1.67,631907373,2024-04-29,AUDUSD,0.0,0.0,1:00,146.61,351.39,23:59,
2024.04.29 7:16,2.3,631907405,2024-04-29,AUDCAD,0.0,0.0,1:00,1.5,283.58,23:59,
2024.04.29 7:16,2.81,634801618,2024-04-29,EURNZD,0.0,0.0,1:00,0.0,0.0,23:59,
2024.04.29 7:17,9.44,629837046,2024-04-29,EURAUD,0.0,0.0,1:00,1057.55,2960.36,23:59,
2024.04.29 7:20,2.3,639895443,2024-04-29,AUDCAD,0.0,0.0,1:00,59.7,341.86,23:59,
2024.04.29 7:20,3.33,627510331,2024-04-29,EURAUD,0.0,0.0,1:00,461.62,1132.66,23:59,
2024.04.29 7:20,2.81,632750084,2024-04-29,EURNZD,0.0,0.0,1:00,-143.5,423.15,23:59,
2024.04.29 7:42,3.33,626416330,2024-04-29,GBPAUD,0.0,0.0,1:00,1656.33,2440.32,23:59,
2024.04.29 12:53,2.81,632750027,2024-04-29,EURNZD,0.0,0.0,1:00,-75.53,491.65,23:59,
,,ALL,2024-04-30,ALL,16581.61,62954.04,23:58,-699.5,33437.59,0:01,
2024.04.30 0:00,2.81,632750027,2024-04-30,EURNZD,0.0,0.0,23:58,-1319.75,-752.58,0:01,
2024.04.30 0:00,3.33,626416330,2024-04-30,GBPAUD,0.0,0.0,23:58,1650.15,2434.14,0:01,
2024.04.30 0:00,2.81,632750084,2024-04-30,EURNZD,0.0,0.0,23:58,-1387.73,-821.08,0:01,
2024.04.30 0:00,3.33,627510331,2024-04-30,EURAUD,0.0,0.0,23:58,422.48,1093.52,0:01,
2024.04.25 15:30,6.32,630160100,2024-04-30,EURUSD,4261.29,5527.44,23:58,678.72,1944.87,0:01,
2024.04.25 15:30,6.32,629838158,2024-04-30,EURUSD,4261.29,5527.44,23:58,678.72,1944.87,0:01,
2024.04.25 15:30,1.67,634801679,2024-04-30,EURUSD,1126.01,1460.58,23:58,179.35,513.92,0:01,
2024.04.29 7:20,2.3,639895443,2024-04-30,AUDCAD,893.33,1175.49,23:58,-12.66,269.5,0:01,
2024.04.17 7:25,2.3,632750133,2024-04-30,NZDCAD,806.37,1065.33,23:58,-264.4,-5.44,0:01,
2024.04.30 0:00,9.44,629837046,2024-04-30,EURAUD,0.0,0.0,23:58,946.6,2849.41,0:01,
2024.04.19 4:36,2.3,633762181,2024-04-30,NZDCAD,240.32,497.45,23:58,676.49,933.61,0:01,
2024.04.29 7:16,2.3,631907405,2024-04-30,AUDCAD,834.83,1116.91,23:58,-70.88,211.2,0:01,
2024.04.30 0:00,1.67,631907373,2024-04-30,AUDUSD,0.0,0.0,23:58,25.1,229.88,0:01,
2024.04.29 7:12,2.3,639895460,2024-04-30,AUDCAD,804.79,1086.89,23:58,-100.77,181.33,0:01,
2024.04.29 5:44,2.3,639895454,2024-04-30,AUDCAD,687.79,969.77,23:58,-217.2,64.78,0:01,
2024.04.30 0:00,2.3,635858598,2024-04-30,NZDCAD,0.0,0.0,23:58,-423.32,-166.88,0:01,
2024.04.25 11:13,1.67,634801671,2024-04-30,EURUSD,988.22,1322.24,23:58,42.24,376.25,0:01,
2024.04.25 11:02,1.52,637194968,2024-04-30,NZDCHF,469.49,640.25,23:58,-14.64,156.13,0:01,
2024.04.26 11:29,1.67,639895453,2024-04-30,EURUSD,1273.2,1607.2,23:58,325.81,659.82,0:01,
2024.04.30 0:00,8.44,629837003,2024-04-30,USDCAD,0.0,0.0,23:58,-6.0,1567.71,0:01,
2024.04.30 16:10,2.33,635858602,2024-04-30,GBPCAD,0.0,0.0,23:58,0.0,0.0,0:01,
2024.04.30 16:17,2.81,643313421,2024-04-30,EURNZD,0.0,0.0,23:58,0.0,0.0,0:01,
2024.04.30 16:18,2.33,643313250,2024-04-30,GBPCAD,0.0,0.0,23:58,0.0,0.0,0:01,
2024.04.30 16:19,2.3,643313288,2024-04-30,GBPCAD,0.0,0.0,23:58,0.0,0.0,0:01,
2024.04.30 16:27,2.81,643313243,2024-04-30,EURNZD,0.0,0.0,23:58,0.0,0.0,0:01,
2024.04.30 17:55,2.81,643312971,2024-04-30,EURNZD,0.0,0.0,23:58,0.0,0.0,0:01,
2024.04.30 23:43,1.67,643313126,2024-04-30,EURUSD,-57.72,276.28,23:58,0.0,0.0,0:01,
2024.04.30 23:57,1.67,643313037,2024-04-30,AUDUSD,-7.61,195.08,23:58,0.0,0.0,0:01,
,,ALL,2024-05-01,ALL,22687.24,69903.48,21:00,0.0,46997.09,23:59,
2024.04.30 23:57,1.67,643313037,2024-05-01,AUDUSD,464.12,666.81,21:00,779.55,982.24,23:59,
2024.04.30 23:43,1.67,643313126,2024-05-01,EURUSD,337.59,671.6,21:00,667.32,1001.32,23:59,
2024.04.26 11:29,1.67,639895453,2024-05-01,EURUSD,1182.66,1516.67,21:00,502.09,836.1,23:59,
2024.04.25 11:02,1.52,637194968,2024-05-01,NZDCHF,259.1,429.87,21:00,170.62,341.38,23:59,
2024.04.25 11:13,1.67,634801671,2024-05-01,EURUSD,898.37,1232.38,21:00,218.4,552.41,23:59,
2024.04.25 15:30,6.32,630160100,2024-05-01,EURUSD,3920.01,5186.15,21:00,1345.6,2611.75,23:59,
2024.04.25 15:30,6.32,629838158,2024-05-01,EURUSD,3920.01,5186.15,21:00,1345.6,2611.75,23:59,
2024.04.25 15:30,1.67,634801679,2024-05-01,EURUSD,1035.83,1370.4,21:00,355.57,690.14,23:59,
2024.04.29 7:20,2.3,639895443,2024-05-01,AUDCAD,717.66,999.82,21:00,169.93,452.09,23:59,
2024.04.17 7:25,2.3,632750133,2024-05-01,NZDCAD,706.62,965.58,21:00,198.26,457.22,23:59,
2024.04.29 5:44,2.3,639895454,2024-05-01,AUDCAD,512.6,794.59,21:00,-34.7,247.29,23:59,
2024.04.19 4:36,2.3,633762181,2024-05-01,NZDCAD,446.35,703.48,21:00,722.42,979.54,23:59,
2024.04.29 7:16,2.3,631907405,2024-05-01,AUDCAD,659.3,941.38,21:00,111.69,393.77,23:59,
2024.04.29 7:12,2.3,639895460,2024-05-01,AUDCAD,629.33,911.43,21:00,81.78,363.88,23:59,
2024.05.01 1:45,2.81,633762223,2024-05-01,GBPNZD,0.0,0.0,21:00,0.0,0.0,23:59,
2024.05.01 1:45,2.81,632750095,2024-05-01,EURNZD,914.91,1491.34,21:00,1110.64,1687.08,23:59,
2024.05.01 1:45,2.81,632750146,2024-05-01,EURNZD,914.91,1491.34,21:00,1110.64,1687.08,23:59,
2024.05.01 1:45,2.81,634801688,2024-05-01,EURNZD,1051.21,1627.92,21:00,1246.66,1823.37,23:59,
2024.05.01 1:45,2.81,632750153,2024-05-01,GBPNZD,0.0,0.0,21:00,0.0,0.0,23:59,
2024.05.01 1:46,2.81,634801660,2024-05-01,EURNZD,1067.06,1643.85,21:00,1262.48,1839.27,23:59,
2024.05.01 3:23,1.67,643313061,2024-05-01,EURUSD,507.86,841.81,21:00,837.22,1171.18,23:59,
2024.05.01 3:23,1.67,643313031,2024-05-01,GBPUSD,373.52,764.63,21:00,703.17,1094.28,23:59,
2024.05.01 3:56,2.3,643313052,2024-05-01,AUDCAD,457.4,739.29,21:00,750.75,1032.65,23:59,
2024.05.01 4:07,2.3,643313116,2024-05-01,AUDCAD,485.79,767.61,21:00,779.08,1060.91,23:59,
2024.05.01 9:16,2.58,643313352,2024-05-01,EURAUD,0.0,0.0,21:00,0.0,0.0,23:59,
2024.05.01 9:46,1.67,643313194,2024-05-01,EURUSD,595.33,929.34,21:00,924.51,1258.52,23:59,
2024.05.01 9:53,1.67,639895425,2024-05-01,EURUSD,629.7,963.69,21:00,958.8,1292.8,23:59,
2024.05.01 21:41,2.58,643313427,2024-05-01,GBPAUD,0.0,0.0,21:00,166.24,779.69,23:59,
2024.05.01 21:43,2.58,643312980,2024-05-01,GBPAUD,0.0,0.0,21:00,11.35,624.31,23:59,
2024.05.01 23:36,2.55,637194929,2024-05-01,USDJPY,0.0,0.0,21:00,0.0,0.0,23:59,
2024.05.01 23:48,2.55,639895419,2024-05-01,AUDJPY,0.0,0.0,21:00,1094.55,1406.56,23:59,
,,ALL,2024-05-02,ALL,18328.58,73876.85,17:43,0.0,58623.32,23:59,
2024.04.30 23:43,1.67,643313126,2024-05-02,EURUSD,214.37,548.38,17:43,853.48,1187.49,23:59,
2024.04.26 11:29,1.67,639895453,2024-05-02,EURUSD,1016.36,1350.37,17:43,331.84,665.85,23:59,
2024.04.25 11:02,1.52,637194968,2024-05-02,NZDCHF,566.37,737.13,17:43,189.25,360.01,23:59,
2024.04.25 11:13,1.67,634801671,2024-05-02,EURUSD,731.83,1065.85,17:43,48.43,382.45,23:59,
2024.04.25 15:30,6.32,630160100,2024-05-02,EURUSD,3290.19,4556.33,17:43,701.86,1968.0,23:59,
2024.04.25 15:30,6.32,629838158,2024-05-02,EURUSD,3290.19,4556.33,17:43,701.86,1968.0,23:59,
2024.04.25 15:30,1.67,634801679,2024-05-02,EURUSD,869.41,1203.97,17:43,185.46,520.03,23:59,
2024.04.29 7:20,2.3,639895443,2024-05-02,AUDCAD,348.85,631.01,17:43,-67.69,214.47,23:59,
2024.04.17 7:25,2.3,632750133,2024-05-02,NZDCAD,601.44,860.4,17:43,133.57,392.53,23:59,
2024.04.29 5:44,2.3,639895454,2024-05-02,AUDCAD,143.63,425.61,17:43,-272.1,9.88,23:59,
2024.04.19 4:36,2.3,633762181,2024-05-02,NZDCAD,424.63,681.75,17:43,842.72,1099.84,23:59,
2024.04.29 7:16,2.3,631907405,2024-05-02,AUDCAD,290.44,572.52,17:43,-125.87,156.21,23:59,
2024.04.29 7:12,2.3,639895460,2024-05-02,AUDCAD,260.45,542.54,17:43,-155.75,126.35,23:59,
2024.05.02 0:00,2.55,639895419,2024-05-02,AUDJPY,0.0,0.0,17:43,0.0,0.0,23:59,
2024.05.02 0:00,2.81,632750095,2024-05-02,EURNZD,0.0,0.0,17:43,0.0,0.0,23:59,
2024.05.02 0:00,2.81,632750146,2024-05-02,EURNZD,0.0,0.0,17:43,0.0,0.0,23:59,
2024.05.02 0:00,2.81,634801688,2024-05-02,EURNZD,0.0,0.0,17:43,0.0,0.0,23:59,
2024.05.02 0:00,2.58,643312980,2024-05-02,GBPAUD,1617.74,2230.7,17:43,0.0,0.0,23:59,
2024.05.02 0:00,2.81,634801660,2024-05-02,EURNZD,0.0,0.0,17:43,0.0,0.0,23:59,
2024.05.01 3:23,1.67,643313061,2024-05-02,EURUSD,384.78,718.73,17:43,1023.21,1357.17,23:59,
2024.05.01 3:23,1.67,643313031,2024-05-02,GBPUSD,9.58,400.69,17:43,803.65,1194.77,23:59,
2024.05.01 3:56,2.3,643313052,2024-05-02,AUDCAD,661.43,943.32,17:43,995.24,1277.13,23:59,
2024.05.01 4:07,2.3,643313116,2024-05-02,AUDCAD,689.84,971.67,17:43,1023.54,1305.37,23:59,
2024.05.02 0:00,2.58,643313427,2024-05-02,GBPAUD,0.0,0.0,17:43,0.0,0.0,23:59,
2024.05.01 9:46,1.67,643313194,2024-05-02,EURUSD,472.32,806.33,17:43,1110.41,1444.42,23:59,
2024.05.01 9:53,1.67,639895425,2024-05-02,EURUSD,506.72,840.71,17:43,1144.67,1478.67,23:59,
2024.05.02 0:02,2.58,643313369,2024-05-02,EURAUD,0.0,0.0,17:43,0.0,0.0,23:59,
2024.05.02 8:43,2.58,643312936,2024-05-02,EURAUD,533.52,1056.84,17:43,792.93,1316.26,23:59,
2024.05.02 8:53,2.58,643313409,2024-05-02,EURAUD,469.46,992.54,17:43,729.13,1252.21,23:59,
2024.05.02 11:08,2.58,643312960,2024-05-02,EURAUD,0.0,0.0,17:43,0.0,0.0,23:59,
2024.05.02 21:41,8.44,629040800,2024-05-02,AUDCAD,0.0,0.0,17:43,230.54,1267.06,23:59,
2024.05.02 21:53,8.44,629040865,2024-05-02,AUDCAD,0.0,0.0,17:43,357.48,1393.99,23:59,
,,ALL,2024-05-03,ALL,37398.88,97213.95,15:30,-39059.04,20756.03,15:30,
2024.05.03 0:00,8.44,629040865,2024-05-03,AUDCAD,-120.87,915.64,15:30,-3001.68,-1965.17,15:30,
2024.05.03 0:00,1.67,639895453,2024-05-03,EURUSD,-74.1,259.91,15:30,-905.64,-571.63,15:30,
2024.04.25 11:02,1.52,637194968,2024-05-03,NZDCHF,345.01,515.77,15:30,14.99,185.75,15:30,
2024.05.03 0:00,1.67,634801671,2024-05-03,EURUSD,-355.4,-21.39,15:30,-1186.95,-852.93,15:30,
2024.05.03 0:00,6.32,630160100,2024-05-03,EURUSD,-830.27,435.88,15:30,-3977.19,-2711.05,15:30,
2024.05.03 0:00,6.32,629838158,2024-05-03,EURUSD,-830.27,435.88,15:30,-3977.19,-2711.05,15:30,
2024.05.03 0:00,1.67,634801679,2024-05-03,EURUSD,-219.38,115.18,15:30,-1050.93,-716.36,15:30,
2024.05.03 0:00,2.3,639895443,2024-05-03,AUDCAD,-196.83,85.33,15:30,-981.88,-699.72,15:30,
2024.05.03 0:00,2.3,632750133,2024-05-03,NZDCAD,0.0,0.0,15:30,0.0,0.0,15:30,
2024.05.03 0:00,2.3,639895454,2024-05-03,AUDCAD,0.0,0.0,15:30,0.0,0.0,15:30,
2024.05.03 0:00,2.3,633762181,2024-05-03,NZDCAD,1872.72,2129.84,15:30,1187.55,1444.68,15:30,
2024.05.03 0:00,2.3,631907405,2024-05-03,AUDCAD,0.0,0.0,15:30,0.0,0.0,15:30,
2024.05.03 0:00,2.3,639895460,2024-05-03,AUDCAD,0.0,0.0,15:30,0.0,0.0,15:30,
2024.05.03 0:00,8.44,629040800,2024-05-03,AUDCAD,-246.87,789.64,15:30,-3127.68,-2091.16,15:30,
2024.05.03 0:00,2.58,643313409,2024-05-03,EURAUD,1694.19,2217.28,15:30,788.54,1311.62,15:30,
2024.05.03 0:00,2.58,643312936,2024-05-03,EURAUD,1757.53,2280.85,15:30,851.87,1375.2,15:30,
2024.05.03 0:00,1.67,639895425,2024-05-03,EURUSD,0.0,0.0,15:30,0.0,0.0,15:30,
2024.05.03 0:00,1.67,643313194,2024-05-03,EURUSD,0.0,0.0,15:30,0.0,0.0,15:30,
2024.05.03 0:00,2.3,643313116,2024-05-03,AUDCAD,1950.76,2232.58,15:30,1165.7,1447.53,15:30,
2024.05.03 0:00,1.67,643313061,2024-05-03,EURUSD,2264.43,2598.39,15:30,1432.89,1766.84,15:30,
2024.05.03 0:00,1.67,643313031,2024-05-03,GBPUSD,2323.17,2714.28,15:30,1235.05,1626.16,15:30,
2024.05.03 0:00,2.3,643313052,2024-05-03,AUDCAD,1922.66,2204.56,15:30,1137.61,1419.5,15:30,
2024.05.03 3:48,2.3,639895440,2024-05-03,AUDCAD,-29.83,252.59,15:30,-814.88,-532.46,15:30,
2024.05.03 12:21,1.67,643312920,2024-05-03,EURUSD,-98.83,235.19,15:30,-930.37,-596.36,15:30,
2024.05.03 15:30,6.32,629838151,2024-05-03,EURUSD,485.83,1744.62,15:30,-2661.1,-1402.3,15:30,
2024.05.03 15:30,6.32,630160009,2024-05-03,EURUSD,485.83,1744.62,15:30,-2661.1,-1402.3,15:30,
2024.05.03 15:30,1.67,639895445,2024-05-03,EURUSD,128.38,461.0,15:30,-703.17,-370.54,15:30,
2024.05.03 15:30,1.67,643313363,2024-05-03,EURUSD,128.38,461.0,15:30,-703.17,-370.54,15:30,
2024.05.03 15:30,6.32,629838161,2024-05-03,EURUSD,485.83,1744.62,15:30,-2661.1,-1402.3,15:30,
2024.05.03 15:30,2.3,631907414,2024-05-03,AUDCAD,226.13,507.12,15:30,-558.92,-277.93,15:30,
2024.05.03 15:30,8.44,629040870,2024-05-03,AUDCAD,829.85,1860.96,15:30,-2050.96,-1019.85,15:30,
2024.05.03 15:30,2.3,632750097,2024-05-03,NZDCAD,454.0,709.71,15:30,-231.16,24.54,15:30,
2024.05.03 15:30,6.32,629040809,2024-05-03,GBPUSD,1784.37,3257.66,15:30,-2333.54,-860.25,15:30,
2024.05.03 15:30,6.32,629838149,2024-05-03,GBPUSD,1784.37,3257.66,15:30,-2333.54,-860.25,15:30,
2024.05.03 15:30,6.32,630159993,2024-05-03,GBPUSD,1784.37,3257.66,15:30,-2333.54,-860.25,15:30,
2024.05.03 15:30,1.67,643313257,2024-05-03,GBPUSD,471.51,860.81,15:30,-616.61,-227.31,15:30,
2024.05.03 15:30,6.32,629838153,2024-05-03,EURUSD,1679.09,2940.27,15:30,-1467.84,-206.66,15:30,
2024.05.03 15:30,6.32,630160030,2024-05-03,EURUSD,1679.09,2940.27,15:30,-1467.84,-206.66,15:30,
2024.05.03 15:30,1.67,643312946,2024-05-03,GBPUSD,530.24,919.66,15:30,-557.88,-168.46,15:30,
2024.05.03 15:30,6.32,629040858,2024-05-03,EURUSD,1784.37,3045.77,15:30,-1362.55,-101.16,15:30,
2024.05.03 15:30,1.67,643313301,2024-05-03,EURUSD,471.51,804.82,15:30,-360.04,-26.73,15:30,
2024.05.03 15:30,2.3,643313291,2024-05-03,AUDCAD,402.5,683.84,15:30,-382.56,-101.21,15:30,
2024.05.03 15:30,1.67,639895462,2024-05-03,EURUSD,530.24,863.67,15:30,-301.3,32.13,15:30,
2024.05.03 15:30,1.67,643313284,2024-05-03,EURUSD,537.97,871.41,15:30,-293.57,39.87,15:30,
2024.05.03 15:30,2.3,633762227,2024-05-03,NZDCAD,477.41,733.57,15:30,-207.75,48.4,15:30,
2024.05.03 15:30,1.67,643313380,2024-05-03,GBPUSD,646.16,1035.82,15:30,-441.95,-52.3,15:30,
2024.05.03 15:30,3.33,625306851,2024-05-03,AUDCAD,763.53,1171.23,15:30,-373.09,34.61,15:30,
2024.05.03 15:30,2.3,643312912,2024-05-03,AUDCAD,561.69,843.35,15:30,-223.36,58.3,15:30,
2024.05.03 15:30,3.33,625310921,2024-05-03,AUDCAD,835.84,1243.68,15:30,-300.78,107.06,15:30,
2024.05.03 15:30,1.67,639895441,2024-05-03,AUDUSD,782.18,987.13,15:30,-131.28,73.67,15:30,
2024.05.03 15:30,2.3,643313357,2024-05-03,AUDCAD,689.67,971.59,15:30,-95.38,186.54,15:30,
2024.05.03 15:30,3.33,627513081,2024-05-03,EURAUD,1007.56,1672.93,15:30,-161.37,504.01,15:30,
2024.05.03 15:30,3.33,627514767,2024-05-03,EURAUD,1007.56,1672.93,15:30,-161.37,504.01,15:30,
2024.05.03 15:30,2.3,643313319,2024-05-03,AUDCAD,739.62,1021.64,15:30,-45.44,236.58,15:30,
2024.05.03 15:31,6.32,629040817,2024-05-03,AUDUSD,0.0,0.0,15:30,0.0,0.0,15:30,
2024.05.03 15:35,3.33,627517877,2024-05-03,GBPAUD,0.0,0.0,15:30,0.0,0.0,15:30,
2024.05.03 15:35,2.81,643312994,2024-05-03,EURNZD,0.0,0.0,15:30,0.0,0.0,15:30,
2024.05.03 15:35,2.81,643313221,2024-05-03,EURNZD,0.0,0.0,15:30,0.0,0.0,15:30,
2024.05.03 15:36,3.33,625309627,2024-05-03,AUDCAD,0.0,0.0,15:30,0.0,0.0,15:30,
2024.05.03 15:37,2.58,643313230,2024-05-03,GBPAUD,0.0,0.0,15:30,0.0,0.0,15:30,
2024.05.03 15:38,2.3,643313277,2024-05-03,AUDCAD,0.0,0.0,15:30,0.0,0.0,15:30,
2024.05.03 15:39,2.3,643313238,2024-05-03,AUDCAD,0.0,0.0,15:30,0.0,0.0,15:30,
2024.05.03 15:59,2.3,631907362,2024-05-03,NZDCAD,0.0,0.0,15:30,0.0,0.0,15:30,
2024.05.03 16:14,3.33,626391547,2024-05-03,AUDCAD,0.0,0.0,15:30,0.0,0.0,15:30,
